method,coverage,miscoverage,avg_width,median_neff,avg_drift
DASC_no_drift_gate,0.8988983050847458,0.10110169491525424,2.716347487011795,306.4559250835759,0.20461583780356515
adaptive_only,0.8989830508474577,0.10101694915254238,2.7380743589938947,180.0,
full_DASC,0.8994915254237288,0.10050847457627118,2.751678453407493,200.15979029240935,0.20461583780356515
rolling,0.8865254237288136,0.11347457627118644,2.5952085358006793,180.0,
spectral_only,0.8713559322033898,0.12864406779661017,2.4805535493767565,306.4559250835759,
